{
  "_id": "622f718f280efd5a08957fed",
  "version": 2.1,
  "name": "Tim (controller app)",
  "description": "",
  "screenSize": {
    "w": 375,
    "h": 667
  },
  "type": "smartphone",
  "screens": {
    "s10013_9764": {
      "x": 1617,
      "y": 719,
      "h": 667,
      "w": 375,
      "name": "Home screen",
      "type": "Screen",
      "style": {
        "background": "#ffffff"
      },
      "min": {
        "w": 375,
        "h": 812
      },
      "has": {
        "image": true
      },
      "props": {
        "start": true
      },
      "children": [
        "w10012_86437",
        "w10015_57387",
        "w10017_67419",
        "w10014_12925",
        "w10016_38676"
      ],
      "id": "s10013_9764",
      "modified": 1647276740866
    },
    "s10018_24560": {
      "x": 2095,
      "y": 722,
      "h": 667,
      "w": 375,
      "name": "Register",
      "type": "Screen",
      "style": {
        "background": "#ffffff"
      },
      "min": {
        "w": 375,
        "h": 667
      },
      "has": {
        "image": true
      },
      "props": {
        "start": false
      },
      "children": [
        "w10019_75736",
        "w10020_72300",
        "w10028_28119",
        "w10029_64051",
        "w10030_82492",
        "w10031_31621",
        "w10032_85224",
        "w10033_42352",
        "w10034_13502"
      ],
      "id": "s10018_24560"
    },
    "s10035_57483": {
      "x": 2099,
      "y": 1439,
      "h": 667,
      "w": 375,
      "name": "Log in",
      "type": "Screen",
      "style": {
        "background": "#ffffff"
      },
      "min": {
        "w": 375,
        "h": 667
      },
      "has": {
        "image": true
      },
      "props": {
        "start": false
      },
      "children": [
        "w10036_3821",
        "w10039_33666",
        "w10041_41149",
        "w10045_32089",
        "w10046_54657",
        "w10044_24638",
        "w10037_53052"
      ],
      "id": "s10035_57483",
      "modified": 1647285540264
    },
    "s10047_39076": {
      "x": 2604,
      "y": 723,
      "h": 667,
      "w": 375,
      "name": "Screen 3",
      "type": "Screen",
      "style": {
        "background": "#ffffff"
      },
      "min": {
        "w": 375,
        "h": 667
      },
      "has": {
        "image": true
      },
      "props": {
        "start": false
      },
      "children": [
        "w10008_42972",
        "w10049_20343",
        "w10048_35320",
        "w10050_13489",
        "w10051_26625"
      ],
      "id": "s10047_39076"
    },
    "s10052_84928": {
      "x": 3109,
      "y": 730,
      "h": 667,
      "w": 375,
      "name": "Screen 4",
      "type": "Screen",
      "style": {
        "background": "#ffffff"
      },
      "min": {
        "w": 375,
        "h": 667
      },
      "has": {
        "image": true
      },
      "props": {
        "start": false
      },
      "children": [
        "w10053_21437",
        "w10054_8867",
        "w10078_57124",
        "w10082_4809",
        "w10081_51167"
      ],
      "id": "s10052_84928"
    },
    "s10055_31470": {
      "x": 2647,
      "y": 1447,
      "h": 667,
      "w": 375,
      "name": "Screen",
      "type": "Screen",
      "style": {
        "background": "#ffffff"
      },
      "min": {
        "w": 375,
        "h": 667
      },
      "has": {
        "image": true
      },
      "props": {},
      "children": [
        "w10056_32919",
        "w10057_60764",
        "w10061_86583",
        "w10062_62969"
      ],
      "id": "s10055_31470",
      "modified": 1647285892785
    },
    "s10072_57747": {
      "x": 3696,
      "y": 719,
      "h": 667,
      "w": 375,
      "name": "Screen 6",
      "type": "Screen",
      "style": {
        "background": "#ffffff"
      },
      "min": {
        "w": 375,
        "h": 667
      },
      "has": {
        "image": true
      },
      "props": {
        "start": false
      },
      "children": [
        "w10073_47522",
        "w10074_38274",
        "w10075_77123"
      ],
      "id": "s10072_57747"
    },
    "s10083_24712": {
      "x": 3139,
      "y": 1498,
      "h": 667,
      "w": 375,
      "name": "Screen 7",
      "type": "Screen",
      "style": {
        "background": "#ffffff"
      },
      "min": {
        "w": 375,
        "h": 667
      },
      "has": {
        "image": true
      },
      "props": {
        "start": false
      },
      "children": [
        "w10084_89295",
        "w10085_38514",
        "w10086_51911",
        "w10087_86651"
      ],
      "id": "s10083_24712"
    }
  },
  "widgets": {
    "w10008_42972": {
      "type": "Image",
      "name": "1200px-Square_Flag_of_the_United_Kingdom.svg.png",
      "x": 2687,
      "y": 1255,
      "w": 38,
      "h": 38,
      "z": 27,
      "props": {},
      "has": {
        "image": true,
        "onclick": true,
        "backgroundImage": true,
        "border": true
      },
      "actions": {},
      "style": {
        "borderTopRightRadius": 0,
        "borderTopLeftRadius": 0,
        "borderBottomRightRadius": 0,
        "borderBottomLeftRadius": 0,
        "borderTopWidth": 0,
        "borderBottomWidth": 0,
        "borderRightWidth": 0,
        "borderLeftWidth": 0,
        "borderTopColor": "#333333",
        "borderBottomColor": "#333333",
        "borderRightColor": "#333333",
        "borderLeftColor": "#333333",
        "backgroundImage": {
          "name": "1200px-Square_Flag_of_the_United_Kingdom.svg.png",
          "url": "image0.png",
          "w": 1200,
          "h": 1200
        }
      },
      "id": "w10008_42972",
      "created": 1646311876125,
      "modified": 1647020296375,
      "copyOf": "w10011_99690"
    },
    "w10012_86437": {
      "type": "Image",
      "name": "Снимок экрана 2022-03-03 в 13.40.41.jpg 1",
      "x": 1698,
      "y": 954,
      "w": 131,
      "h": 160,
      "z": 275,
      "props": {},
      "has": {
        "image": true,
        "onclick": true,
        "backgroundImage": true,
        "border": true
      },
      "actions": {},
      "style": {
        "borderTopRightRadius": 0,
        "borderTopLeftRadius": 0,
        "borderBottomRightRadius": 0,
        "borderBottomLeftRadius": 0,
        "borderTopWidth": 0,
        "borderBottomWidth": 0,
        "borderRightWidth": 0,
        "borderLeftWidth": 0,
        "borderTopColor": "#333333",
        "borderBottomColor": "#333333",
        "borderRightColor": "#333333",
        "borderLeftColor": "#333333",
        "backgroundImage": {
          "name": "Снимок экрана 2022-03-03 в 13.40.41.jpg",
          "url": "image1.jpg",
          "w": 578,
          "h": 410
        }
      },
      "id": "w10012_86437",
      "created": 1647202420051,
      "modified": 1647276740866,
      "copyOf": "w10069_1383"
    },
    "w10014_12925": {
      "id": "w10014_12925",
      "type": "Button",
      "name": "Button",
      "x": 1754,
      "y": 1038,
      "w": 101,
      "h": 29,
      "z": 276,
      "props": {
        "label": "Register"
      },
      "has": {
        "backgroundColor": true,
        "border": true,
        "onclick": true,
        "label": true,
        "padding": true
      },
      "actions": {},
      "style": {
        "fontFamily": "Helvetica Neue,Helvetica,Arial,sans-serif",
        "borderTopRightRadius": 3,
        "borderTopLeftRadius": 3,
        "borderBottomRightRadius": 3,
        "borderBottomLeftRadius": 3,
        "borderTopWidth": 1,
        "borderBottomWidth": 1,
        "borderRightWidth": 1,
        "borderLeftWidth": 1,
        "borderTopColor": "#74cbf5",
        "borderBottomColor": "#74cbf5",
        "borderRightColor": "#74cbf5",
        "borderLeftColor": "#74cbf5",
        "background": "#74cbf5",
        "fontSize": 16,
        "textAlign": "center",
        "letterSpacing": 0,
        "lineHeight": 1,
        "color": "#ffffff",
        "paddingTop": 0,
        "paddingBottom": 0,
        "paddingLeft": 0,
        "paddingRight": 0,
        "verticalAlign": "middle"
      },
      "created": 1647276682857,
      "modified": 1647284950860
    },
    "w10015_57387": {
      "type": "Label",
      "name": "Label",
      "x": 1646,
      "y": 922,
      "w": 313,
      "h": 86,
      "z": 277,
      "props": {
        "label": "Welcome to Tim's \ncontroller application\n\nTo start, please, register or log in\n"
      },
      "has": {
        "label": true,
        "padding": true,
        "advancedText": true
      },
      "style": {
        "fontSize": 20,
        "fontFamily": "Helvetica Neue,Helvetica,Arial,sans-serif",
        "textAlign": "center",
        "letterSpacing": 0,
        "lineHeight": 1,
        "color": "#333333",
        "textShadow": null
      },
      "id": "w10015_57387",
      "created": 1647276695671,
      "modified": 1647285362826
    },
    "w10016_38676": {
      "id": "w10016_38676",
      "type": "Button",
      "name": "Button 1",
      "x": 1755,
      "y": 1094,
      "w": 101,
      "h": 29,
      "z": 278,
      "props": {
        "label": "Log in"
      },
      "has": {
        "backgroundColor": true,
        "border": true,
        "onclick": true,
        "label": true,
        "padding": true
      },
      "actions": {},
      "style": {
        "fontFamily": "Helvetica Neue,Helvetica,Arial,sans-serif",
        "borderTopRightRadius": 3,
        "borderTopLeftRadius": 3,
        "borderBottomRightRadius": 3,
        "borderBottomLeftRadius": 3,
        "borderTopWidth": 1,
        "borderBottomWidth": 1,
        "borderRightWidth": 1,
        "borderLeftWidth": 1,
        "borderTopColor": "#74cbf5",
        "borderBottomColor": "#74cbf5",
        "borderRightColor": "#74cbf5",
        "borderLeftColor": "#74cbf5",
        "background": "#74cbf5",
        "fontSize": 16,
        "textAlign": "center",
        "letterSpacing": 0,
        "lineHeight": 1,
        "color": "#ffffff",
        "paddingTop": 0,
        "paddingBottom": 0,
        "paddingLeft": 0,
        "paddingRight": 0,
        "verticalAlign": "middle"
      },
      "created": 1647276922018,
      "modified": 1647284950862,
      "copyOf": "w10014_12925"
    },
    "w10017_67419": {
      "type": "Image",
      "name": "Снимок экрана 2022-03-14 в 17.55.58.jpg",
      "x": 1733,
      "y": 768,
      "w": 144,
      "h": 144,
      "z": 280,
      "props": {},
      "has": {
        "image": true,
        "onclick": true,
        "backgroundImage": true,
        "border": true
      },
      "actions": {},
      "style": {
        "borderTopRightRadius": 0,
        "borderTopLeftRadius": 0,
        "borderBottomRightRadius": 0,
        "borderBottomLeftRadius": 0,
        "borderTopWidth": 0,
        "borderBottomWidth": 0,
        "borderRightWidth": 0,
        "borderLeftWidth": 0,
        "borderTopColor": "#333333",
        "borderBottomColor": "#333333",
        "borderRightColor": "#333333",
        "borderLeftColor": "#333333",
        "backgroundImage": {
          "name": "Снимок экрана 2022-03-14 в 17.55.58.jpg",
          "url": "image2.jpg",
          "w": 540,
          "h": 384
        }
      },
      "id": "w10017_67419",
      "created": 1647276961518,
      "modified": 1647284947250
    },
    "w10019_75736": {
      "type": "Image",
      "name": "Снимок экрана 2022-03-14 в 17.55.58.jpg",
      "x": 2095,
      "y": 723,
      "w": 144,
      "h": 144,
      "z": 281,
      "props": {},
      "has": {
        "image": true,
        "onclick": true,
        "backgroundImage": true,
        "border": true
      },
      "actions": {},
      "style": {
        "borderTopRightRadius": 0,
        "borderTopLeftRadius": 0,
        "borderBottomRightRadius": 0,
        "borderBottomLeftRadius": 0,
        "borderTopWidth": 0,
        "borderBottomWidth": 0,
        "borderRightWidth": 0,
        "borderLeftWidth": 0,
        "borderTopColor": "#333333",
        "borderBottomColor": "#333333",
        "borderRightColor": "#333333",
        "borderLeftColor": "#333333",
        "backgroundImage": {
          "name": "Снимок экрана 2022-03-14 в 17.55.58.jpg",
          "url": "image3.jpg",
          "w": 540,
          "h": 384
        }
      },
      "id": "w10019_75736",
      "created": 1647285289610,
      "modified": 1647285294510,
      "copyOf": "w10017_67419"
    },
    "w10020_72300": {
      "type": "Label",
      "name": "Label",
      "x": 2125,
      "y": 856,
      "w": 313,
      "h": 24,
      "z": 282,
      "props": {
        "label": "Register\n"
      },
      "has": {
        "label": true,
        "padding": true,
        "advancedText": true
      },
      "style": {
        "fontSize": 20,
        "fontFamily": "Helvetica Neue,Helvetica,Arial,sans-serif",
        "textAlign": "center",
        "letterSpacing": 0,
        "lineHeight": 1,
        "color": "#333333",
        "textShadow": null
      },
      "id": "w10020_72300",
      "created": 1647285291310,
      "modified": 1647285569869,
      "copyOf": "w10015_57387"
    },
    "w10028_28119": {
      "id": "w10028_28119",
      "type": "TextBox",
      "name": "Text Box 1",
      "x": 2130,
      "y": 928,
      "w": 309,
      "h": 30,
      "z": 55,
      "props": {
        "label": "Full name",
        "placeholder": true
      },
      "has": {
        "label": true,
        "backgroundColor": true,
        "border": true,
        "editable": true,
        "onclick": true,
        "padding": true
      },
      "style": {
        "color": "#333333",
        "fontFamily": "Helvetica Neue,Helvetica,Arial,sans-serif",
        "borderTopRightRadius": 3,
        "borderTopLeftRadius": 3,
        "borderBottomRightRadius": 3,
        "borderBottomLeftRadius": 3,
        "borderTopWidth": 1,
        "borderBottomWidth": 1,
        "borderRightWidth": 1,
        "borderLeftWidth": 1,
        "fontSize": 18,
        "borderTopColor": "#333333",
        "borderBottomColor": "#333333",
        "borderRightColor": "#333333",
        "borderLeftColor": "#333333",
        "background": "#ffffff",
        "paddingTop": 5,
        "paddingBottom": 5,
        "paddingLeft": 5,
        "paddingRight": 5,
        "textAlign": "left"
      },
      "error": {
        "borderTopColor": "#cc0000",
        "borderBottomColor": "#cc0000",
        "borderRightColor": "#cc0000",
        "borderLeftColor": "#cc0000",
        "background": "#ffcaca"
      },
      "focus": {
        "background": "#f2f2f2"
      },
      "created": 1647011831146,
      "modified": 1647285399533,
      "copyOf": "w10070_90913"
    },
    "w10029_64051": {
      "id": "w10029_64051",
      "type": "TextBox",
      "name": "Text Box 2",
      "x": 2130,
      "y": 974,
      "w": 309,
      "h": 30,
      "z": 56,
      "props": {
        "label": "Email",
        "placeholder": true
      },
      "has": {
        "label": true,
        "backgroundColor": true,
        "border": true,
        "editable": true,
        "onclick": true,
        "padding": true
      },
      "style": {
        "color": "#333333",
        "fontFamily": "Helvetica Neue,Helvetica,Arial,sans-serif",
        "borderTopRightRadius": 3,
        "borderTopLeftRadius": 3,
        "borderBottomRightRadius": 3,
        "borderBottomLeftRadius": 3,
        "borderTopWidth": 1,
        "borderBottomWidth": 1,
        "borderRightWidth": 1,
        "borderLeftWidth": 1,
        "fontSize": 18,
        "borderTopColor": "#333333",
        "borderBottomColor": "#333333",
        "borderRightColor": "#333333",
        "borderLeftColor": "#333333",
        "background": "#ffffff",
        "paddingTop": 5,
        "paddingBottom": 5,
        "paddingLeft": 5,
        "paddingRight": 5,
        "textAlign": "left"
      },
      "error": {
        "borderTopColor": "#cc0000",
        "borderBottomColor": "#cc0000",
        "borderRightColor": "#cc0000",
        "borderLeftColor": "#cc0000",
        "background": "#ffcaca"
      },
      "focus": {
        "background": "#f2f2f2"
      },
      "created": 1647011831152,
      "modified": 1647285399537,
      "copyOf": "w10071_43125"
    },
    "w10030_82492": {
      "id": "w10030_82492",
      "type": "TextBox",
      "name": "Text Box 3",
      "x": 2130,
      "y": 1022,
      "w": 309,
      "h": 30,
      "z": 57,
      "props": {
        "label": "Phone number",
        "placeholder": true
      },
      "has": {
        "label": true,
        "backgroundColor": true,
        "border": true,
        "editable": true,
        "onclick": true,
        "padding": true
      },
      "style": {
        "color": "#333333",
        "fontFamily": "Helvetica Neue,Helvetica,Arial,sans-serif",
        "borderTopRightRadius": 3,
        "borderTopLeftRadius": 3,
        "borderBottomRightRadius": 3,
        "borderBottomLeftRadius": 3,
        "borderTopWidth": 1,
        "borderBottomWidth": 1,
        "borderRightWidth": 1,
        "borderLeftWidth": 1,
        "fontSize": 18,
        "borderTopColor": "#333333",
        "borderBottomColor": "#333333",
        "borderRightColor": "#333333",
        "borderLeftColor": "#333333",
        "background": "#ffffff",
        "paddingTop": 5,
        "paddingBottom": 5,
        "paddingLeft": 5,
        "paddingRight": 5,
        "textAlign": "left"
      },
      "error": {
        "borderTopColor": "#cc0000",
        "borderBottomColor": "#cc0000",
        "borderRightColor": "#cc0000",
        "borderLeftColor": "#cc0000",
        "background": "#ffcaca"
      },
      "focus": {
        "background": "#f2f2f2"
      },
      "created": 1647011831159,
      "modified": 1647285399540,
      "copyOf": "w10072_46073"
    },
    "w10031_31621": {
      "id": "w10031_31621",
      "type": "TextBox",
      "name": "Text Box 4",
      "x": 2130,
      "y": 1070,
      "w": 309,
      "h": 30,
      "z": 58,
      "props": {
        "label": "Password",
        "placeholder": true
      },
      "has": {
        "label": true,
        "backgroundColor": true,
        "border": true,
        "editable": true,
        "onclick": true,
        "padding": true
      },
      "style": {
        "color": "#333333",
        "fontFamily": "Helvetica Neue,Helvetica,Arial,sans-serif",
        "borderTopRightRadius": 3,
        "borderTopLeftRadius": 3,
        "borderBottomRightRadius": 3,
        "borderBottomLeftRadius": 3,
        "borderTopWidth": 1,
        "borderBottomWidth": 1,
        "borderRightWidth": 1,
        "borderLeftWidth": 1,
        "fontSize": 18,
        "borderTopColor": "#333333",
        "borderBottomColor": "#333333",
        "borderRightColor": "#333333",
        "borderLeftColor": "#333333",
        "background": "#ffffff",
        "paddingTop": 5,
        "paddingBottom": 5,
        "paddingLeft": 5,
        "paddingRight": 5,
        "textAlign": "left"
      },
      "error": {
        "borderTopColor": "#cc0000",
        "borderBottomColor": "#cc0000",
        "borderRightColor": "#cc0000",
        "borderLeftColor": "#cc0000",
        "background": "#ffcaca"
      },
      "focus": {
        "background": "#f2f2f2"
      },
      "created": 1647011831166,
      "modified": 1647285399541,
      "copyOf": "w10073_85907"
    },
    "w10032_85224": {
      "id": "w10032_85224",
      "type": "TextBox",
      "name": "Text Box 5",
      "x": 2130,
      "y": 1116,
      "w": 309,
      "h": 30,
      "z": 274,
      "props": {
        "label": "Employee number",
        "placeholder": true
      },
      "has": {
        "label": true,
        "backgroundColor": true,
        "border": true,
        "editable": true,
        "onclick": true,
        "padding": true
      },
      "style": {
        "color": "#333333",
        "fontFamily": "Helvetica Neue,Helvetica,Arial,sans-serif",
        "borderTopRightRadius": 3,
        "borderTopLeftRadius": 3,
        "borderBottomRightRadius": 3,
        "borderBottomLeftRadius": 3,
        "borderTopWidth": 1,
        "borderBottomWidth": 1,
        "borderRightWidth": 1,
        "borderLeftWidth": 1,
        "fontSize": 18,
        "borderTopColor": "#333333",
        "borderBottomColor": "#333333",
        "borderRightColor": "#333333",
        "borderLeftColor": "#333333",
        "background": "#ffffff",
        "paddingTop": 5,
        "paddingBottom": 5,
        "paddingLeft": 5,
        "paddingRight": 5,
        "textAlign": "left"
      },
      "error": {
        "borderTopColor": "#cc0000",
        "borderBottomColor": "#cc0000",
        "borderRightColor": "#cc0000",
        "borderLeftColor": "#cc0000",
        "background": "#ffcaca"
      },
      "focus": {
        "background": "#f2f2f2"
      },
      "created": 1647023063897,
      "modified": 1647285406297,
      "copyOf": "w10092_99278"
    },
    "w10033_42352": {
      "id": "w10033_42352",
      "type": "DateDropDown",
      "name": "Base Date",
      "props": {
        "label": "Date of birthday",
        "icon": "mdi mdi-calendar"
      },
      "x": 2211,
      "w": 142,
      "h": 26,
      "y": 1178,
      "has": {
        "backgroundColor": true,
        "border": true,
        "label": true,
        "data": true,
        "padding": true
      },
      "style": {
        "fontSize": 13,
        "fontFamily": "Helvetica Neue,Helvetica,Arial,sans-serif",
        "textAlign": "left",
        "letterSpacing": 0,
        "lineHeight": 1,
        "paddingTop": 8,
        "paddingBottom": 8,
        "paddingLeft": 16,
        "paddingRight": 16,
        "borderTopRightRadius": 4,
        "borderTopLeftRadius": 4,
        "borderBottomRightRadius": 4,
        "borderBottomLeftRadius": 4,
        "borderTopWidth": 1,
        "borderBottomWidth": 1,
        "borderRightWidth": 1,
        "borderLeftWidth": 1,
        "color": "#080707",
        "background": "#ffffff",
        "borderTopColor": "#dddbda",
        "borderBottomColor": "#dddbda",
        "borderRightColor": "#dddbda",
        "borderLeftColor": "#dddbda",
        "selectedBackground": "#ecebea",
        "selectedColor": "#080707",
        "headerBackground": "#ffffff",
        "headerColor": "#080707",
        "tableHeaderColor": "#080707",
        "tableHeaderBackground": "#ffffff",
        "weekdayBackground": "#ffffff",
        "weekendBackground": "#ffffff",
        "weekdayColor": "#080707",
        "weekendColor": "#080707",
        "tableBorderWidth": 2,
        "popupColor": "#080707",
        "popupBackground": "#ffffff",
        "popupBorderColor": "#dddbda",
        "popupBorderWidth": 1,
        "itemBorderRadius": 50,
        "popupShadow": {
          "v": 2,
          "h": 0,
          "b": 3,
          "s": 0,
          "c": "rgba(0,0,0,.16)"
        }
      },
      "focus": {
        "background": "#ffffff",
        "borderTopColor": "#dddbda",
        "borderBottomColor": "#dddbda",
        "borderRightColor": "#dddbda",
        "borderLeftColor": "#dddbda"
      },
      "z": 59,
      "created": 1647011985556,
      "modified": 1647285399544
    },
    "w10034_13502": {
      "id": "w10034_13502",
      "type": "Button",
      "name": "Button 1",
      "x": 2227,
      "y": 1235,
      "w": 111,
      "h": 40,
      "z": 60,
      "props": {
        "label": "Register"
      },
      "has": {
        "backgroundColor": true,
        "border": true,
        "onclick": true,
        "label": true,
        "padding": true
      },
      "actions": {},
      "style": {
        "fontFamily": "Helvetica Neue,Helvetica,Arial,sans-serif",
        "borderTopRightRadius": 3,
        "borderTopLeftRadius": 3,
        "borderBottomRightRadius": 3,
        "borderBottomLeftRadius": 3,
        "borderTopWidth": 4,
        "borderBottomWidth": 4,
        "borderRightWidth": 4,
        "borderLeftWidth": 4,
        "borderTopColor": "#ffffff",
        "borderBottomColor": "#ffffff",
        "borderRightColor": "#ffffff",
        "borderLeftColor": "#ffffff",
        "background": "#74cbf5",
        "fontSize": 24,
        "textAlign": "center",
        "letterSpacing": 0,
        "lineHeight": 1,
        "color": "#ffffff",
        "paddingTop": 0,
        "paddingBottom": 0,
        "paddingLeft": 0,
        "paddingRight": 0,
        "verticalAlign": "middle"
      },
      "created": 1647012003759,
      "modified": 1647285411666,
      "copyOf": "w10081_28386"
    },
    "w10036_3821": {
      "type": "Image",
      "name": "Снимок экрана 2022-03-14 в 17.55.58.jpg",
      "x": 2099,
      "y": 1440,
      "w": 144,
      "h": 144,
      "z": 283,
      "props": {},
      "has": {
        "image": true,
        "onclick": true,
        "backgroundImage": true,
        "border": true
      },
      "actions": {},
      "style": {
        "borderTopRightRadius": 0,
        "borderTopLeftRadius": 0,
        "borderBottomRightRadius": 0,
        "borderBottomLeftRadius": 0,
        "borderTopWidth": 0,
        "borderBottomWidth": 0,
        "borderRightWidth": 0,
        "borderLeftWidth": 0,
        "borderTopColor": "#333333",
        "borderBottomColor": "#333333",
        "borderRightColor": "#333333",
        "borderLeftColor": "#333333",
        "backgroundImage": {
          "name": "Снимок экрана 2022-03-14 в 17.55.58.jpg",
          "url": "image4.jpg",
          "w": 540,
          "h": 384
        }
      },
      "id": "w10036_3821",
      "created": 1647285553527,
      "modified": 1647285294510,
      "copyOf": "w10019_75736"
    },
    "w10037_53052": {
      "type": "Label",
      "name": "Label",
      "x": 2129,
      "y": 1615,
      "w": 313,
      "h": 24,
      "z": 284,
      "props": {
        "label": "Log in\n"
      },
      "has": {
        "label": true,
        "padding": true,
        "advancedText": true
      },
      "style": {
        "fontSize": 20,
        "fontFamily": "Helvetica Neue,Helvetica,Arial,sans-serif",
        "textAlign": "center",
        "letterSpacing": 0,
        "lineHeight": 1,
        "color": "#333333",
        "textShadow": null
      },
      "id": "w10037_53052",
      "created": 1647285553531,
      "modified": 1647285615159,
      "copyOf": "w10020_72300"
    },
    "w10039_33666": {
      "id": "w10039_33666",
      "type": "TextBox",
      "name": "Text Box 2",
      "x": 2134,
      "y": 1691,
      "w": 309,
      "h": 30,
      "z": 286,
      "props": {
        "label": "Email",
        "placeholder": true
      },
      "has": {
        "label": true,
        "backgroundColor": true,
        "border": true,
        "editable": true,
        "onclick": true,
        "padding": true
      },
      "style": {
        "color": "#333333",
        "fontFamily": "Helvetica Neue,Helvetica,Arial,sans-serif",
        "borderTopRightRadius": 3,
        "borderTopLeftRadius": 3,
        "borderBottomRightRadius": 3,
        "borderBottomLeftRadius": 3,
        "borderTopWidth": 1,
        "borderBottomWidth": 1,
        "borderRightWidth": 1,
        "borderLeftWidth": 1,
        "fontSize": 18,
        "borderTopColor": "#333333",
        "borderBottomColor": "#333333",
        "borderRightColor": "#333333",
        "borderLeftColor": "#333333",
        "background": "#ffffff",
        "paddingTop": 5,
        "paddingBottom": 5,
        "paddingLeft": 5,
        "paddingRight": 5,
        "textAlign": "left"
      },
      "error": {
        "borderTopColor": "#cc0000",
        "borderBottomColor": "#cc0000",
        "borderRightColor": "#cc0000",
        "borderLeftColor": "#cc0000",
        "background": "#ffcaca"
      },
      "focus": {
        "background": "#f2f2f2"
      },
      "created": 1647285553538,
      "modified": 1647285399537,
      "copyOf": "w10029_64051"
    },
    "w10041_41149": {
      "id": "w10041_41149",
      "type": "TextBox",
      "name": "Text Box 4",
      "x": 2134,
      "y": 1742,
      "w": 309,
      "h": 30,
      "z": 288,
      "props": {
        "label": "Password",
        "placeholder": true
      },
      "has": {
        "label": true,
        "backgroundColor": true,
        "border": true,
        "editable": true,
        "onclick": true,
        "padding": true
      },
      "style": {
        "color": "#333333",
        "fontFamily": "Helvetica Neue,Helvetica,Arial,sans-serif",
        "borderTopRightRadius": 3,
        "borderTopLeftRadius": 3,
        "borderBottomRightRadius": 3,
        "borderBottomLeftRadius": 3,
        "borderTopWidth": 1,
        "borderBottomWidth": 1,
        "borderRightWidth": 1,
        "borderLeftWidth": 1,
        "fontSize": 18,
        "borderTopColor": "#333333",
        "borderBottomColor": "#333333",
        "borderRightColor": "#333333",
        "borderLeftColor": "#333333",
        "background": "#ffffff",
        "paddingTop": 5,
        "paddingBottom": 5,
        "paddingLeft": 5,
        "paddingRight": 5,
        "textAlign": "left"
      },
      "error": {
        "borderTopColor": "#cc0000",
        "borderBottomColor": "#cc0000",
        "borderRightColor": "#cc0000",
        "borderLeftColor": "#cc0000",
        "background": "#ffcaca"
      },
      "focus": {
        "background": "#f2f2f2"
      },
      "created": 1647285553546,
      "modified": 1647285590990,
      "copyOf": "w10031_31621"
    },
    "w10044_24638": {
      "id": "w10044_24638",
      "type": "Button",
      "name": "Button 1",
      "x": 2231,
      "y": 1916,
      "w": 111,
      "h": 40,
      "z": 291,
      "props": {
        "label": "Log in"
      },
      "has": {
        "backgroundColor": true,
        "border": true,
        "onclick": true,
        "label": true,
        "padding": true
      },
      "actions": {},
      "style": {
        "fontFamily": "Helvetica Neue,Helvetica,Arial,sans-serif",
        "borderTopRightRadius": 3,
        "borderTopLeftRadius": 3,
        "borderBottomRightRadius": 3,
        "borderBottomLeftRadius": 3,
        "borderTopWidth": 4,
        "borderBottomWidth": 4,
        "borderRightWidth": 4,
        "borderLeftWidth": 4,
        "borderTopColor": "#ffffff",
        "borderBottomColor": "#ffffff",
        "borderRightColor": "#ffffff",
        "borderLeftColor": "#ffffff",
        "background": "#74cbf5",
        "fontSize": 24,
        "textAlign": "center",
        "letterSpacing": 0,
        "lineHeight": 1,
        "color": "#ffffff",
        "paddingTop": 0,
        "paddingBottom": 0,
        "paddingLeft": 0,
        "paddingRight": 0,
        "verticalAlign": "middle"
      },
      "created": 1647285553557,
      "modified": 1647285621106,
      "copyOf": "w10034_13502"
    },
    "w10045_32089": {
      "type": "Label",
      "name": "Label 1",
      "x": 2242,
      "y": 1842,
      "w": 115,
      "h": 22,
      "z": 64,
      "props": {
        "label": "Remember me\n"
      },
      "has": {
        "label": true,
        "padding": true,
        "advancedText": true
      },
      "style": {
        "fontSize": 16,
        "fontFamily": "Helvetica Neue,Helvetica,Arial,sans-serif",
        "textAlign": "center",
        "letterSpacing": 0,
        "lineHeight": 1,
        "color": "#333333",
        "textShadow": null
      },
      "id": "w10045_32089",
      "created": 1647012130758,
      "modified": 1647285604983,
      "copyOf": "w10096_57237"
    },
    "w10046_54657": {
      "id": "w10046_54657",
      "type": "CheckBox",
      "name": "CheckBox",
      "x": 2208,
      "y": 1840,
      "w": 21,
      "h": 21,
      "z": 63,
      "props": {
        "checked": false
      },
      "has": {
        "onclick": true,
        "border": true,
        "data": true
      },
      "style": {
        "borderTopRightRadius": 5,
        "borderTopLeftRadius": 5,
        "borderBottomRightRadius": 5,
        "borderBottomLeftRadius": 5,
        "borderTopWidth": 1,
        "borderBottomWidth": 1,
        "borderRightWidth": 1,
        "borderLeftWidth": 1,
        "borderTopColor": "#333333",
        "borderBottomColor": "#333333",
        "borderRightColor": "#333333",
        "borderLeftColor": "#333333",
        "background": "#ffffff",
        "color": "#333333",
        "colorButton": "#333333"
      },
      "created": 1647012105892,
      "modified": 1647285604986
    },
    "w10048_35320": {
      "id": "w10048_35320",
      "type": "Button",
      "name": "Button 1",
      "x": 2712,
      "y": 912,
      "w": 157,
      "h": 40,
      "z": 292,
      "props": {
        "label": "Your page"
      },
      "has": {
        "backgroundColor": true,
        "border": true,
        "onclick": true,
        "label": true,
        "padding": true
      },
      "actions": {},
      "style": {
        "fontFamily": "Helvetica Neue,Helvetica,Arial,sans-serif",
        "borderTopRightRadius": 3,
        "borderTopLeftRadius": 3,
        "borderBottomRightRadius": 3,
        "borderBottomLeftRadius": 3,
        "borderTopWidth": 4,
        "borderBottomWidth": 4,
        "borderRightWidth": 4,
        "borderLeftWidth": 4,
        "borderTopColor": "#ffffff",
        "borderBottomColor": "#ffffff",
        "borderRightColor": "#ffffff",
        "borderLeftColor": "#ffffff",
        "background": "#74cbf5",
        "fontSize": 24,
        "textAlign": "center",
        "letterSpacing": 0,
        "lineHeight": 1,
        "color": "#ffffff",
        "paddingTop": 0,
        "paddingBottom": 0,
        "paddingLeft": 0,
        "paddingRight": 0,
        "verticalAlign": "middle"
      },
      "created": 1647285741616,
      "modified": 1647285756584,
      "copyOf": "w10034_13502"
    },
    "w10049_20343": {
      "type": "Image",
      "name": "Снимок экрана 2022-03-14 в 17.55.58.jpg",
      "x": 2604,
      "y": 724,
      "w": 144,
      "h": 144,
      "z": 293,
      "props": {},
      "has": {
        "image": true,
        "onclick": true,
        "backgroundImage": true,
        "border": true
      },
      "actions": {},
      "style": {
        "borderTopRightRadius": 0,
        "borderTopLeftRadius": 0,
        "borderBottomRightRadius": 0,
        "borderBottomLeftRadius": 0,
        "borderTopWidth": 0,
        "borderBottomWidth": 0,
        "borderRightWidth": 0,
        "borderLeftWidth": 0,
        "borderTopColor": "#333333",
        "borderBottomColor": "#333333",
        "borderRightColor": "#333333",
        "borderLeftColor": "#333333",
        "backgroundImage": {
          "name": "Снимок экрана 2022-03-14 в 17.55.58.jpg",
          "url": "image5.jpg",
          "w": 540,
          "h": 384
        }
      },
      "id": "w10049_20343",
      "created": 1647285754024,
      "modified": 1647285294510,
      "copyOf": "w10019_75736"
    },
    "w10050_13489": {
      "id": "w10050_13489",
      "type": "Button",
      "name": "Button",
      "x": 2713,
      "y": 980,
      "w": 157,
      "h": 40,
      "z": 294,
      "props": {
        "label": "Events"
      },
      "has": {
        "backgroundColor": true,
        "border": true,
        "onclick": true,
        "label": true,
        "padding": true
      },
      "actions": {},
      "style": {
        "fontFamily": "Helvetica Neue,Helvetica,Arial,sans-serif",
        "borderTopRightRadius": 3,
        "borderTopLeftRadius": 3,
        "borderBottomRightRadius": 3,
        "borderBottomLeftRadius": 3,
        "borderTopWidth": 4,
        "borderBottomWidth": 4,
        "borderRightWidth": 4,
        "borderLeftWidth": 4,
        "borderTopColor": "#ffffff",
        "borderBottomColor": "#ffffff",
        "borderRightColor": "#ffffff",
        "borderLeftColor": "#ffffff",
        "background": "#74cbf5",
        "fontSize": 24,
        "textAlign": "center",
        "letterSpacing": 0,
        "lineHeight": 1,
        "color": "#ffffff",
        "paddingTop": 0,
        "paddingBottom": 0,
        "paddingLeft": 0,
        "paddingRight": 0,
        "verticalAlign": "middle"
      },
      "created": 1647285757632,
      "modified": 1647285782121,
      "copyOf": "w10048_35320"
    },
    "w10051_26625": {
      "id": "w10051_26625",
      "type": "Button",
      "name": "Button 2",
      "x": 2714,
      "y": 1052,
      "w": 157,
      "h": 40,
      "z": 295,
      "props": {
        "label": "Salary"
      },
      "has": {
        "backgroundColor": true,
        "border": true,
        "onclick": true,
        "label": true,
        "padding": true
      },
      "actions": {},
      "style": {
        "fontFamily": "Helvetica Neue,Helvetica,Arial,sans-serif",
        "borderTopRightRadius": 3,
        "borderTopLeftRadius": 3,
        "borderBottomRightRadius": 3,
        "borderBottomLeftRadius": 3,
        "borderTopWidth": 4,
        "borderBottomWidth": 4,
        "borderRightWidth": 4,
        "borderLeftWidth": 4,
        "borderTopColor": "#ffffff",
        "borderBottomColor": "#ffffff",
        "borderRightColor": "#ffffff",
        "borderLeftColor": "#ffffff",
        "background": "#74cbf5",
        "fontSize": 24,
        "textAlign": "center",
        "letterSpacing": 0,
        "lineHeight": 1,
        "color": "#ffffff",
        "paddingTop": 0,
        "paddingBottom": 0,
        "paddingLeft": 0,
        "paddingRight": 0,
        "verticalAlign": "middle"
      },
      "created": 1647285783390,
      "modified": 1647285790678,
      "copyOf": "w10050_13489"
    },
    "w10053_21437": {
      "type": "Image",
      "name": "IMG_81B3EB9068A5-1.jpeg",
      "x": 3109,
      "y": 695,
      "w": 375,
      "h": 684,
      "z": 297,
      "props": {},
      "has": {
        "image": true,
        "onclick": true,
        "backgroundImage": true,
        "border": true
      },
      "actions": {},
      "style": {
        "borderTopRightRadius": 0,
        "borderTopLeftRadius": 0,
        "borderBottomRightRadius": 0,
        "borderBottomLeftRadius": 0,
        "borderTopWidth": 0,
        "borderBottomWidth": 0,
        "borderRightWidth": 0,
        "borderLeftWidth": 0,
        "borderTopColor": "#333333",
        "borderBottomColor": "#333333",
        "borderRightColor": "#333333",
        "borderLeftColor": "#333333",
        "backgroundImage": {
          "name": "IMG_81B3EB9068A5-1.jpeg",
          "url": "image6.jpeg",
          "w": 750,
          "h": 1623
        }
      },
      "id": "w10053_21437",
      "created": 1647285806856,
      "modified": 1647285860282
    },
    "w10054_8867": {
      "id": "w10054_8867",
      "type": "Button",
      "name": "Button 2",
      "x": 3116,
      "y": 1352,
      "w": 157,
      "h": 40,
      "z": 298,
      "props": {
        "label": "Back"
      },
      "has": {
        "backgroundColor": true,
        "border": true,
        "onclick": true,
        "label": true,
        "padding": true
      },
      "actions": {},
      "style": {
        "fontFamily": "Helvetica Neue,Helvetica,Arial,sans-serif",
        "borderTopRightRadius": 3,
        "borderTopLeftRadius": 3,
        "borderBottomRightRadius": 3,
        "borderBottomLeftRadius": 3,
        "borderTopWidth": 4,
        "borderBottomWidth": 4,
        "borderRightWidth": 4,
        "borderLeftWidth": 4,
        "borderTopColor": "#ffffff",
        "borderBottomColor": "#ffffff",
        "borderRightColor": "#ffffff",
        "borderLeftColor": "#ffffff",
        "background": "#74cbf5",
        "fontSize": 24,
        "textAlign": "center",
        "letterSpacing": 0,
        "lineHeight": 1,
        "color": "#ffffff",
        "paddingTop": 0,
        "paddingBottom": 0,
        "paddingLeft": 0,
        "paddingRight": 0,
        "verticalAlign": "middle"
      },
      "created": 1647285871523,
      "modified": 1647285877795,
      "copyOf": "w10051_26625"
    },
    "w10056_32919": {
      "type": "Image",
      "name": "1200px-Square_Flag_of_the_United_Kingdom.svg.png",
      "x": 2730,
      "y": 1979,
      "w": 38,
      "h": 38,
      "z": 299,
      "props": {},
      "has": {
        "image": true,
        "onclick": true,
        "backgroundImage": true,
        "border": true
      },
      "actions": {},
      "style": {
        "borderTopRightRadius": 0,
        "borderTopLeftRadius": 0,
        "borderBottomRightRadius": 0,
        "borderBottomLeftRadius": 0,
        "borderTopWidth": 0,
        "borderBottomWidth": 0,
        "borderRightWidth": 0,
        "borderLeftWidth": 0,
        "borderTopColor": "#333333",
        "borderBottomColor": "#333333",
        "borderRightColor": "#333333",
        "borderLeftColor": "#333333",
        "backgroundImage": {
          "name": "1200px-Square_Flag_of_the_United_Kingdom.svg.png",
          "url": "image7.png",
          "w": 1200,
          "h": 1200
        }
      },
      "id": "w10056_32919",
      "created": 1646311876125,
      "modified": 1647285892785,
      "copyOf": "w10008_42972"
    },
    "w10057_60764": {
      "type": "Image",
      "name": "Снимок экрана 2022-03-14 в 17.55.58.jpg",
      "x": 2647,
      "y": 1448,
      "w": 144,
      "h": 144,
      "z": 300,
      "props": {},
      "has": {
        "image": true,
        "onclick": true,
        "backgroundImage": true,
        "border": true
      },
      "actions": {},
      "style": {
        "borderTopRightRadius": 0,
        "borderTopLeftRadius": 0,
        "borderBottomRightRadius": 0,
        "borderBottomLeftRadius": 0,
        "borderTopWidth": 0,
        "borderBottomWidth": 0,
        "borderRightWidth": 0,
        "borderLeftWidth": 0,
        "borderTopColor": "#333333",
        "borderBottomColor": "#333333",
        "borderRightColor": "#333333",
        "borderLeftColor": "#333333",
        "backgroundImage": {
          "name": "Снимок экрана 2022-03-14 в 17.55.58.jpg",
          "url": "image8.jpg",
          "w": 540,
          "h": 384
        }
      },
      "id": "w10057_60764",
      "created": 1647285754024,
      "modified": 1647285892785,
      "copyOf": "w10049_20343"
    },
    "w10061_86583": {
      "id": "w10061_86583",
      "type": "Button",
      "name": "Button 2",
      "x": 2654,
      "y": 2069,
      "w": 157,
      "h": 40,
      "z": 301,
      "props": {
        "label": "Back"
      },
      "has": {
        "backgroundColor": true,
        "border": true,
        "onclick": true,
        "label": true,
        "padding": true
      },
      "actions": {},
      "style": {
        "fontFamily": "Helvetica Neue,Helvetica,Arial,sans-serif",
        "borderTopRightRadius": 3,
        "borderTopLeftRadius": 3,
        "borderBottomRightRadius": 3,
        "borderBottomLeftRadius": 3,
        "borderTopWidth": 4,
        "borderBottomWidth": 4,
        "borderRightWidth": 4,
        "borderLeftWidth": 4,
        "borderTopColor": "#ffffff",
        "borderBottomColor": "#ffffff",
        "borderRightColor": "#ffffff",
        "borderLeftColor": "#ffffff",
        "background": "#74cbf5",
        "fontSize": 24,
        "textAlign": "center",
        "letterSpacing": 0,
        "lineHeight": 1,
        "color": "#ffffff",
        "paddingTop": 0,
        "paddingBottom": 0,
        "paddingLeft": 0,
        "paddingRight": 0,
        "verticalAlign": "middle"
      },
      "created": 1647285900976,
      "modified": 1647285877795,
      "copyOf": "w10054_8867"
    },
    "w10062_62969": {
      "type": "Label",
      "name": "Label",
      "x": 2676,
      "y": 1674,
      "w": 313,
      "h": 24,
      "z": 302,
      "props": {
        "label": "Your salary for this month:\n\n800 euro\n"
      },
      "has": {
        "label": true,
        "padding": true,
        "advancedText": true
      },
      "style": {
        "fontSize": 20,
        "fontFamily": "Helvetica Neue,Helvetica,Arial,sans-serif",
        "textAlign": "center",
        "letterSpacing": 0,
        "lineHeight": 1,
        "color": "#333333",
        "textShadow": null
      },
      "id": "w10062_62969",
      "created": 1647285903707,
      "modified": 1647285978763,
      "copyOf": "w10037_53052"
    },
    "w10073_47522": {
      "type": "Image",
      "name": "Снимок экрана 2022-03-14 в 17.55.58.jpg",
      "x": 3696,
      "y": 720,
      "w": 144,
      "h": 144,
      "z": 303,
      "props": {},
      "has": {
        "image": true,
        "onclick": true,
        "backgroundImage": true,
        "border": true
      },
      "actions": {},
      "style": {
        "borderTopRightRadius": 0,
        "borderTopLeftRadius": 0,
        "borderBottomRightRadius": 0,
        "borderBottomLeftRadius": 0,
        "borderTopWidth": 0,
        "borderBottomWidth": 0,
        "borderRightWidth": 0,
        "borderLeftWidth": 0,
        "borderTopColor": "#333333",
        "borderBottomColor": "#333333",
        "borderRightColor": "#333333",
        "borderLeftColor": "#333333",
        "backgroundImage": {
          "name": "Снимок экрана 2022-03-14 в 17.55.58.jpg",
          "url": "image9.jpg",
          "w": 540,
          "h": 384
        }
      },
      "id": "w10073_47522",
      "created": 1648576452425,
      "modified": 1647285294510,
      "copyOf": "w10049_20343"
    },
    "w10074_38274": {
      "type": "Label",
      "name": "Label 1",
      "x": 3738,
      "y": 974,
      "w": 344,
      "h": 119,
      "z": 124,
      "props": {
        "label": "Full name: Name Surname\nemail: 1234@gmail.com\nphone number: +31 88888888\nDate of birth: 01.01.1999\n\n"
      },
      "has": {
        "label": true,
        "padding": true,
        "advancedText": true
      },
      "style": {
        "fontSize": 24,
        "fontFamily": "Helvetica Neue,Helvetica,Arial,sans-serif",
        "textAlign": "justify",
        "letterSpacing": 0,
        "lineHeight": 1,
        "color": "#333333",
        "textShadow": null
      },
      "id": "w10074_38274",
      "created": 1647015278901,
      "modified": 1648576468765
    },
    "w10075_77123": {
      "id": "w10075_77123",
      "type": "Button",
      "name": "Button 2",
      "x": 3703,
      "y": 1341,
      "w": 157,
      "h": 40,
      "z": 304,
      "props": {
        "label": "Back"
      },
      "has": {
        "backgroundColor": true,
        "border": true,
        "onclick": true,
        "label": true,
        "padding": true
      },
      "actions": {},
      "style": {
        "fontFamily": "Helvetica Neue,Helvetica,Arial,sans-serif",
        "borderTopRightRadius": 3,
        "borderTopLeftRadius": 3,
        "borderBottomRightRadius": 3,
        "borderBottomLeftRadius": 3,
        "borderTopWidth": 4,
        "borderBottomWidth": 4,
        "borderRightWidth": 4,
        "borderLeftWidth": 4,
        "borderTopColor": "#ffffff",
        "borderBottomColor": "#ffffff",
        "borderRightColor": "#ffffff",
        "borderLeftColor": "#ffffff",
        "background": "#74cbf5",
        "fontSize": 24,
        "textAlign": "center",
        "letterSpacing": 0,
        "lineHeight": 1,
        "color": "#ffffff",
        "paddingTop": 0,
        "paddingBottom": 0,
        "paddingLeft": 0,
        "paddingRight": 0,
        "verticalAlign": "middle"
      },
      "created": 1648576472408,
      "modified": 1647285877795,
      "copyOf": "w10054_8867"
    },
    "w10078_57124": {
      "id": "w10078_57124",
      "type": "Button",
      "name": "Button",
      "x": 3156,
      "y": 921,
      "w": 47,
      "h": 14,
      "z": 305,
      "props": {
        "label": "Cancel"
      },
      "has": {
        "backgroundColor": true,
        "border": true,
        "onclick": true,
        "label": true,
        "padding": true
      },
      "actions": {},
      "style": {
        "fontFamily": "Helvetica Neue,Helvetica,Arial,sans-serif",
        "borderTopRightRadius": 3,
        "borderTopLeftRadius": 3,
        "borderBottomRightRadius": 3,
        "borderBottomLeftRadius": 3,
        "borderTopWidth": 1,
        "borderBottomWidth": 1,
        "borderRightWidth": 1,
        "borderLeftWidth": 1,
        "borderTopColor": "#333333",
        "borderBottomColor": "#333333",
        "borderRightColor": "#333333",
        "borderLeftColor": "#333333",
        "background": "#333333",
        "fontSize": 12,
        "textAlign": "center",
        "letterSpacing": 0,
        "lineHeight": 1,
        "color": "#ffffff",
        "paddingTop": 0,
        "paddingBottom": 0,
        "paddingLeft": 0,
        "paddingRight": 0,
        "verticalAlign": "middle"
      },
      "created": 1648902170238,
      "modified": 1648902259358
    },
    "w10081_51167": {
      "id": "w10081_51167",
      "type": "Button",
      "name": "Button 1",
      "x": 3156,
      "y": 1098,
      "w": 47,
      "h": 14,
      "z": 306,
      "props": {
        "label": "Cancel"
      },
      "has": {
        "backgroundColor": true,
        "border": true,
        "onclick": true,
        "label": true,
        "padding": true
      },
      "actions": {},
      "style": {
        "fontFamily": "Helvetica Neue,Helvetica,Arial,sans-serif",
        "borderTopRightRadius": 3,
        "borderTopLeftRadius": 3,
        "borderBottomRightRadius": 3,
        "borderBottomLeftRadius": 3,
        "borderTopWidth": 1,
        "borderBottomWidth": 1,
        "borderRightWidth": 1,
        "borderLeftWidth": 1,
        "borderTopColor": "#333333",
        "borderBottomColor": "#333333",
        "borderRightColor": "#333333",
        "borderLeftColor": "#333333",
        "background": "#333333",
        "fontSize": 12,
        "textAlign": "center",
        "letterSpacing": 0,
        "lineHeight": 1,
        "color": "#ffffff",
        "paddingTop": 0,
        "paddingBottom": 0,
        "paddingLeft": 0,
        "paddingRight": 0,
        "verticalAlign": "middle"
      },
      "created": 1648902261741,
      "modified": 1648902276328,
      "copyOf": "w10078_57124"
    },
    "w10082_4809": {
      "id": "w10082_4809",
      "type": "Button",
      "name": "Button 3",
      "x": 3156,
      "y": 1188,
      "w": 47,
      "h": 14,
      "z": 307,
      "props": {
        "label": "Cancel"
      },
      "has": {
        "backgroundColor": true,
        "border": true,
        "onclick": true,
        "label": true,
        "padding": true
      },
      "actions": {},
      "style": {
        "fontFamily": "Helvetica Neue,Helvetica,Arial,sans-serif",
        "borderTopRightRadius": 3,
        "borderTopLeftRadius": 3,
        "borderBottomRightRadius": 3,
        "borderBottomLeftRadius": 3,
        "borderTopWidth": 1,
        "borderBottomWidth": 1,
        "borderRightWidth": 1,
        "borderLeftWidth": 1,
        "borderTopColor": "#333333",
        "borderBottomColor": "#333333",
        "borderRightColor": "#333333",
        "borderLeftColor": "#333333",
        "background": "#333333",
        "fontSize": 12,
        "textAlign": "center",
        "letterSpacing": 0,
        "lineHeight": 1,
        "color": "#ffffff",
        "paddingTop": 0,
        "paddingBottom": 0,
        "paddingLeft": 0,
        "paddingRight": 0,
        "verticalAlign": "middle"
      },
      "created": 1648902266183,
      "modified": 1648902274103,
      "copyOf": "w10078_57124"
    },
    "w10084_89295": {
      "type": "Image",
      "name": "1200px-Square_Flag_of_the_United_Kingdom.svg.png",
      "x": 3222,
      "y": 2030,
      "w": 38,
      "h": 38,
      "z": 308,
      "props": {},
      "has": {
        "image": true,
        "onclick": true,
        "backgroundImage": true,
        "border": true
      },
      "actions": {},
      "style": {
        "borderTopRightRadius": 0,
        "borderTopLeftRadius": 0,
        "borderBottomRightRadius": 0,
        "borderBottomLeftRadius": 0,
        "borderTopWidth": 0,
        "borderBottomWidth": 0,
        "borderRightWidth": 0,
        "borderLeftWidth": 0,
        "borderTopColor": "#333333",
        "borderBottomColor": "#333333",
        "borderRightColor": "#333333",
        "borderLeftColor": "#333333",
        "backgroundImage": {
          "name": "1200px-Square_Flag_of_the_United_Kingdom.svg.png",
          "url": "image10.png",
          "w": 1200,
          "h": 1200
        }
      },
      "id": "w10084_89295",
      "created": 1648902293956,
      "modified": 1647285892785,
      "copyOf": "w10056_32919"
    },
    "w10085_38514": {
      "type": "Image",
      "name": "Снимок экрана 2022-03-14 в 17.55.58.jpg",
      "x": 3139,
      "y": 1499,
      "w": 144,
      "h": 144,
      "z": 309,
      "props": {},
      "has": {
        "image": true,
        "onclick": true,
        "backgroundImage": true,
        "border": true
      },
      "actions": {},
      "style": {
        "borderTopRightRadius": 0,
        "borderTopLeftRadius": 0,
        "borderBottomRightRadius": 0,
        "borderBottomLeftRadius": 0,
        "borderTopWidth": 0,
        "borderBottomWidth": 0,
        "borderRightWidth": 0,
        "borderLeftWidth": 0,
        "borderTopColor": "#333333",
        "borderBottomColor": "#333333",
        "borderRightColor": "#333333",
        "borderLeftColor": "#333333",
        "backgroundImage": {
          "name": "Снимок экрана 2022-03-14 в 17.55.58.jpg",
          "url": "image11.jpg",
          "w": 540,
          "h": 384
        }
      },
      "id": "w10085_38514",
      "created": 1648902293963,
      "modified": 1647285892785,
      "copyOf": "w10057_60764"
    },
    "w10086_51911": {
      "id": "w10086_51911",
      "type": "Button",
      "name": "Button 2",
      "x": 3146,
      "y": 2120,
      "w": 157,
      "h": 40,
      "z": 310,
      "props": {
        "label": "Back"
      },
      "has": {
        "backgroundColor": true,
        "border": true,
        "onclick": true,
        "label": true,
        "padding": true
      },
      "actions": {},
      "style": {
        "fontFamily": "Helvetica Neue,Helvetica,Arial,sans-serif",
        "borderTopRightRadius": 3,
        "borderTopLeftRadius": 3,
        "borderBottomRightRadius": 3,
        "borderBottomLeftRadius": 3,
        "borderTopWidth": 4,
        "borderBottomWidth": 4,
        "borderRightWidth": 4,
        "borderLeftWidth": 4,
        "borderTopColor": "#ffffff",
        "borderBottomColor": "#ffffff",
        "borderRightColor": "#ffffff",
        "borderLeftColor": "#ffffff",
        "background": "#74cbf5",
        "fontSize": 24,
        "textAlign": "center",
        "letterSpacing": 0,
        "lineHeight": 1,
        "color": "#ffffff",
        "paddingTop": 0,
        "paddingBottom": 0,
        "paddingLeft": 0,
        "paddingRight": 0,
        "verticalAlign": "middle"
      },
      "created": 1648902293969,
      "modified": 1647285877795,
      "copyOf": "w10061_86583"
    },
    "w10087_86651": {
      "type": "Label",
      "name": "Label",
      "x": 3171,
      "y": 1795,
      "w": 313,
      "h": 24,
      "z": 311,
      "props": {
        "label": "The event was successfully cancelled.\n"
      },
      "has": {
        "label": true,
        "padding": true,
        "advancedText": true
      },
      "style": {
        "fontSize": 20,
        "fontFamily": "Helvetica Neue,Helvetica,Arial,sans-serif",
        "textAlign": "center",
        "letterSpacing": 0,
        "lineHeight": 1,
        "color": "#333333",
        "textShadow": null
      },
      "id": "w10087_86651",
      "created": 1648902293975,
      "modified": 1648902351244,
      "copyOf": "w10062_62969"
    }
  },
  "lines": {
    "l10063_2002": {
      "id": "l10063_2002",
      "from": "w10014_12925",
      "to": "s10018_24560",
      "points": [],
      "event": "click"
    },
    "l10064_6849": {
      "id": "l10064_6849",
      "from": "w10016_38676",
      "to": "s10035_57483",
      "points": [],
      "event": "click"
    },
    "l10065_20136": {
      "id": "l10065_20136",
      "from": "w10034_13502",
      "to": "s10047_39076",
      "points": [],
      "event": "click"
    },
    "l10066_38063": {
      "id": "l10066_38063",
      "from": "w10044_24638",
      "to": "s10047_39076",
      "points": [],
      "event": "click"
    },
    "l10067_26875": {
      "id": "l10067_26875",
      "from": "w10050_13489",
      "to": "s10052_84928",
      "points": [],
      "event": "click"
    },
    "l10068_50369": {
      "id": "l10068_50369",
      "from": "w10051_26625",
      "to": "s10055_31470",
      "points": [],
      "event": "click"
    },
    "l10069_24519": {
      "id": "l10069_24519",
      "from": "w10054_8867",
      "to": "s10047_39076",
      "points": [],
      "event": "click"
    },
    "l10070_55026": {
      "id": "l10070_55026",
      "from": "w10061_86583",
      "to": "s10047_39076",
      "points": [],
      "event": "click"
    },
    "l10076_62007": {
      "id": "l10076_62007",
      "from": "w10048_35320",
      "to": "s10072_57747",
      "points": [],
      "event": "click"
    },
    "l10077_12156": {
      "id": "l10077_12156",
      "from": "w10075_77123",
      "to": "s10047_39076",
      "points": [],
      "event": "click"
    },
    "l10088_40435": {
      "id": "l10088_40435",
      "from": "w10086_51911",
      "to": "s10052_84928",
      "points": [],
      "event": "click"
    },
    "l10089_92248": {
      "id": "l10089_92248",
      "from": "w10078_57124",
      "to": "s10083_24712",
      "points": [],
      "event": "click"
    },
    "l10090_49122": {
      "id": "l10090_49122",
      "from": "w10081_51167",
      "to": "s10083_24712",
      "points": [],
      "event": "click"
    },
    "l10091_15913": {
      "id": "l10091_15913",
      "from": "w10082_4809",
      "to": "s10083_24712",
      "points": [],
      "event": "click"
    }
  },
  "groups": {},
  "templates": {},
  "designtokens": {},
  "lastUUID": 10092,
  "lastUpdate": 1648902373750,
  "created": 1647276431568,
  "startScreen": "",
  "grid": {
    "w": 8,
    "h": 8,
    "style": "line",
    "color": "#cecece",
    "visible": false,
    "enabled": false
  },
  "domain": "Quant-UX.com",
  "isDirty": false,
  "size": 38928,
  "lastCategory": "WireFrame",
  "lastBackup": 1648905107559,
  "sizeBackup": 150452,
  "id": "622f718f280efd5a08957fed"
}